country,PublicMediaPerCapita,AVG,AVG_INT
Denmark,101,0.7766666667,0.6566666667
Finland,101,0.78,0.65
UK,80,0.6633333333,0.58
US,1.35,0.5933333333,0.43
